test_name,accuracy_mean,accuracy_std,f1_weighted_mean,f1_weighted_std
RF_categorical_only,0.4349090909090909,0.15265539434126654,0.4230751894570076,0.15238079417259984
MultinomialNB_text_only,0.45163636363636356,0.1118948739215401,0.4173926548199276,0.11559922729242218
RF_combined,0.42290909090909085,0.12481046788055071,0.41131254805800255,0.13705223494125623
LogReg_combined,0.41763636363636364,0.1260776357960994,0.40651989828353463,0.129967981205841
RF_text_only,0.3685454545454545,0.12877310432188163,0.3354926013380558,0.12970037875644277
